{
  "sets":[
  {"name": "15th_Anniversary_Cards",
    "filePath": "./setIcons/15th_Anniversary_Cards\\15th_Anniversary_Cards.png",
    "equivalents": ["2017_Heroes_of_the_Realm", "Arena_League_2000", "Asia_Pacific_Land_Program", "Celebration_Cards", "Champs_and_States", "Coldsnap_Theme_Decks", "DCI_Legend_Membership", "Duels_of_the_Planeswalkers_Promos_2010", "Duels_of_the_Planeswalkers_Promos_2011", "Duel_Decks__Speed_vs._Cunning_Tokens", "European_Land_Program", "Friday_Night_Magic_2000", "Grand_Prix_Promos", "Introductory_Two-Player_Set", "Japan_Junior_Tournament", "Judge_Gift_Cards_1998", "Judge_Gift_Cards_1999", "Judge_Gift_Cards_2011", "Launch_Parties", "League_Tokens_2012", "League_Tokens_2013", "League_Tokens_2014", "League_Tokens_2015", "League_Tokens_2016", "League_Tokens_2017", "Magic_Player_Rewards_2007", "Magic_Player_Rewards_2008", "Magic_Player_Rewards_2009", "Magic_Player_Rewards_2010", "Magic_Player_Rewards_2011", "Magic_Premiere_Shop_2006", "Multiverse_Gift_Box", "Planechase_Anthology_Tokens", "Prerelease_Events", "Pro_Tour_Collector_Set", "Redemption_Program", "Release_Events", "Rivals_Quick_Start_Set", "San_Diego_Comic-Con_2013", "San_Diego_Comic-Con_2014", "San_Diego_Comic-Con_2015", "San_Diego_Comic-Con_2016", "San_Diego_Comic-Con_2017", "San_Diego_Comic-Con_2018", "Unglued_Tokens", "Vanguard_Series", "Wizards_of_the_Coast_Online_Store", "Worlds", "World_Championship_Decks_1997", "World_Championship_Decks_1998", "World_Championship_Decks_1999", "World_Championship_Decks_2000", "World_Championship_Decks_2001", "World_Championship_Decks_2002", "World_Championship_Decks_2003", "World_Championship_Decks_2004"]},
  {"name": "2016_Heroes_of_the_Realm",
    "filePath": "./setIcons/2016_Heroes_of_the_Realm\\2016_Heroes_of_the_Realm.png",
    "equivalents": ["2017_Gift_Pack", "2018_Lunar_New_Year", "Fate_Reforged_Clash_Pack", "Friday_Night_Magic_2011", "Friday_Night_Magic_2012", "Friday_Night_Magic_2013", "Friday_Night_Magic_2014", "Friday_Night_Magic_2015", "Friday_Night_Magic_2016", "Friday_Night_Magic_2017", "Friday_Night_Magic_2018", "Happy_Holidays", "Judge_Gift_Cards_2012", "Judge_Gift_Cards_2013", "Judge_Gift_Cards_2014", "Judge_Gift_Cards_2015", "Judge_Gift_Cards_2016", "Judge_Gift_Cards_2017", "Judge_Gift_Cards_2018", "Legacy_Championship", "M19_Standard_Showdown", "Magazine_Inserts", "MagicFest_2019", "Magic_2015_Clash_Pack", "Magic_Origins_Clash_Pack", "Nationals_Promos", "Pro_Tour_Promos", "Resale_Promos", "URLConvention_Promos", "Vintage_Championship", "Wizards_Play_Network_2011", "Wizards_Play_Network_2012", "World_Magic_Cup_Qualifiers", "XLN_Standard_Showdown"]},
  {"name": "Aether_Revolt",
    "filePath": "./setIcons/Aether_Revolt\\Aether_Revolt.png",
    "equivalents": ["Aether_Revolt_Promos", "Aether_Revolt_Tokens"]},
  {"name": "Alara_Reborn", "filePath": "./setIcons/Alara_Reborn\\Alara_Reborn.png", "equivalents": ["Alara_Reborn_Tokens"]}, {"name": "Alliances", "filePath": "./setIcons/Alliances\\Alliances.png", "equivalents": []}, {"name": "Amonkhet", "filePath": "./setIcons/Amonkhet\\Amonkhet.png", "equivalents": ["Amonkhet_Promos", "Amonkhet_Tokens"]}, {"name": "Amonkhet_Invocations", "filePath": "./setIcons/Amonkhet_Invocations\\Amonkhet_Invocations.png", "equivalents": []}, {"name": "Anthologies", "filePath": "./setIcons/Anthologies\\Anthologies.png", "equivalents": []}, {"name": "Antiquities", "filePath": "./setIcons/Antiquities\\Antiquities.png", "equivalents": []}, {"name": "Apocalypse", "filePath": "./setIcons/Apocalypse\\Apocalypse.png", "equivalents": []}, {"name": "Arabian_Nights", "filePath": "./setIcons/Arabian_Nights\\Arabian_Nights.png", "equivalents": []}, {"name": "Archenemy", "filePath": "./setIcons/Archenemy\\Archenemy.png", "equivalents": ["Archenemy_Schemes"]}, {"name": "Archenemy__Nicol_Bolas", "filePath": "./setIcons/Archenemy_Nicol_Bolas\\Archenemy__Nicol_Bolas.png", "equivalents": ["Archenemy__Nicol_Bolas_Schemes", "Archenemy__Nicol_Bolas_Tokens"]}, {"name": "Arena_League_1996", "filePath": "./setIcons/Arena_League_1996\\Arena_League_1996.png", "equivalents": ["Arena_League_2002", "Arena_League_2003", "Arena_League_2004", "Arena_League_2005", "Arena_League_2006", "Friday_Night_Magic_2001", "Friday_Night_Magic_2002", "Friday_Night_Magic_2003", "Friday_Night_Magic_2004", "Friday_Night_Magic_2005", "Friday_Night_Magic_2006", "Friday_Night_Magic_2007", "Friday_Night_Magic_2008", "Friday_Night_Magic_2009", "Friday_Night_Magic_2010", "Gateway_2006", "Gateway_2007", "Gateway_2008", "Judge_Gift_Cards_2000", "Judge_Gift_Cards_2001", "Judge_Gift_Cards_2002", "Judge_Gift_Cards_2003", "Judge_Gift_Cards_2004", "Judge_Gift_Cards_2005", "Judge_Gift_Cards_2006", "Judge_Gift_Cards_2007", "Judge_Gift_Cards_2008", "Judge_Gift_Cards_2009", "Judge_Gift_Cards_2010", "Junior_APAC_Series", "Junior_Series_Europe", "Junior_Super_Series", "Magic_Player_Rewards_2001", "Magic_Player_Rewards_2002", "Magic_Player_Rewards_2003", "Magic_Player_Rewards_2004", "Magic_Player_Rewards_2005", "Magic_Player_Rewards_2006", "Promotional_Planes", "Promotional_Schemes", "Two-Headed_Giant_Tournament", "Wizards_Play_Network_2008", "Wizards_Play_Network_2009", "Wizards_Play_Network_2010"]}, {"name": "Arena_League_1999", "filePath": "./setIcons/Arena_League_1999\\Arena_League_1999.png", "equivalents": ["Urza's_Saga"]}, {"name": "Arena_League_2001", "filePath": "./setIcons/Arena_League_2001\\Arena_League_2001.png", "equivalents": []}, {"name": "Arena_New_Player_Experience", "filePath": "./setIcons/Arena_New_Player_Experience\\Arena_New_Player_Experience.png", "equivalents": []}, {"name": "Avacyn_Restored", "filePath": "./setIcons/Avacyn_Restored\\Avacyn_Restored.png", "equivalents": ["Avacyn_Restored_Promos", "Avacyn_Restored_Tokens", "Open_the_Helvault"]}, {"name": "Battlebond", "filePath": "./setIcons/Battlebond\\Battlebond.png", "equivalents": ["Battlebond_Promos", "Battlebond_Tokens"]}, {"name": "Battle_for_Zendikar", "filePath": "./setIcons/Battle_for_Zendikar\\Battle_for_Zendikar.png", "equivalents": ["Battle_for_Zendikar_Promos", "Battle_for_Zendikar_Tokens", "BFZ_Standard_Series"]}, {"name": "Battle_Royale_Box_Set", "filePath": "./setIcons/Battle_Royale_Box_Set\\Battle_Royale_Box_Set.png", "equivalents": []}, {"name": "Battle_the_Horde", "filePath": "./setIcons/Battle_the_Horde\\Battle_the_Horde.png", "equivalents": ["Born_of_the_Gods", "Born_of_the_Gods_Hero's_Path", "Born_of_the_Gods_Promos", "Born_of_the_Gods_Tokens"]}, {"name": "Beatdown_Box_Set", "filePath": "./setIcons/Beatdown_Box_Set\\Beatdown_Box_Set.png", "equivalents": []}, {"name": "Betrayers_of_Kamigawa", "filePath": "./setIcons/Betrayers_of_Kamigawa\\Betrayers_of_Kamigawa.png", "equivalents": []}, {"name": "Champions_of_Kamigawa", "filePath": "./setIcons/Champions_of_Kamigawa\\Champions_of_Kamigawa.png", "equivalents": []}, {"name": "Chronicles", "filePath": "./setIcons/Chronicles\\Chronicles.png", "equivalents": []}, {"name": "Classic_Sixth_Edition", "filePath": "./setIcons/Classic_Sixth_Edition\\Classic_Sixth_Edition.png", "equivalents": []}, {"name": "Coldsnap", "filePath": "./setIcons/Coldsnap\\Coldsnap.png", "equivalents": ["Coldsnap_Tokens"]}, {"name": "Collectors\u2019_Edition", "filePath": "./setIcons/Collectors\u2019_Edition\\Collectors\u2019_Edition.png", "equivalents": ["Intl._Collectors\u2019_Edition"]}, {"name": "Commander's_Arsenal", "filePath": "./setIcons/Commander's_Arsenal\\Commander's_Arsenal.png", "equivalents": ["Commander's_Arsenal_Oversized"]}, {"name": "Commander_2011", "filePath": "./setIcons/Commander_2011\\Commander_2011.png", "equivalents": ["Commander_2011_Launch_Party", "Commander_2011_Oversized"]}, {"name": "Commander_2013", "filePath": "./setIcons/Commander_2013\\Commander_2013.png", "equivalents": ["Commander_2013_Oversized"]}, {"name": "Commander_2014", "filePath": "./setIcons/Commander_2014\\Commander_2014.png", "equivalents": ["Commander_2014_Oversized", "Commander_2014_Tokens"]}, {"name": "Commander_2015", "filePath": "./setIcons/Commander_2015\\Commander_2015.png", "equivalents": ["Commander_2015_Oversized", "Commander_2015_Tokens"]}, {"name": "Commander_2016", "filePath": "./setIcons/Commander_2016\\Commander_2016.png", "equivalents": ["Commander_2016_Oversized", "Commander_2016_Tokens"]}, {"name": "Commander_2017", "filePath": "./setIcons/Commander_2017\\Commander_2017.png", "equivalents": ["Commander_2017_Oversized", "Commander_2017_Tokens"]}, {"name": "Commander_2018", "filePath": "./setIcons/Commander_2018\\Commander_2018.png", "equivalents": ["Commander_2018_Oversized"]}, {"name": "Commander_2018_Tokens", "filePath": "./setIcons/Commander_2018_Tokens\\Commander_2018_Tokens.png", "equivalents": []}, {"name": "Commander_Anthology", "filePath": "./setIcons/Commander_Anthology\\Commander_Anthology.png", "equivalents": ["Commander_Anthology_Tokens"]}, {"name": "Commander_Anthology_Volume_II", "filePath": "./setIcons/Commander_Anthology_Volume_II\\Commander_Anthology_Volume_II.png", "equivalents": ["Commander_Anthology_Volume_II_Tokens"]}, {"name": "Conflux", "filePath": "./setIcons/Conflux\\Conflux.png", "equivalents": ["Conflux_Tokens"]}, {"name": "Conspiracy", "filePath": "./setIcons/Conspiracy\\Conspiracy.png", "equivalents": ["Conspiracy_Tokens"]}, {"name": "Conspiracy__Take_the_Crown", "filePath": "./setIcons/Conspiracy__Take_the_Crown\\Conspiracy__Take_the_Crown.png", "equivalents": ["Conspiracy__Take_the_Crown_Tokens"]}, {"name": "Core_Set_2019", "filePath": "./setIcons/Core_Set_2019\\Core_Set_2019.png", "equivalents": ["Core_Set_2019_Promos", "Core_Set_2019_Tokens", "M19_Gift_Pack"]}, {"name": "Darksteel", "filePath": "./setIcons/Darksteel\\Darksteel.png", "equivalents": []}, {"name": "Dark_Ascension", "filePath": "./setIcons/Dark_Ascension\\Dark_Ascension.png", "equivalents": ["Dark_Ascension_Promos", "Dark_Ascension_Tokens"]}, {"name": "Deckmasters", "filePath": "./setIcons/Deckmasters\\Deckmasters.png", "equivalents": []}, {"name": "Defeat_a_God", "filePath": "./setIcons/Defeat_a_God\\Defeat_a_God.png", "equivalents": ["Journey_into_Nyx", "Journey_into_Nyx_Hero's_Path", "Journey_into_Nyx_Promos", "Journey_into_Nyx_Tokens"]}, {"name": "Dissension", "filePath": "./setIcons/Dissension\\Dissension.png", "equivalents": []}, {"name": "Dominaria", "filePath": "./setIcons/Dominaria\\Dominaria.png", "equivalents": ["Dominaria_Promos", "Dominaria_Tokens"]}, {"name": "Dragon's_Maze", "filePath": "./setIcons/Dragon's_Maze\\Dragon's_Maze.png", "equivalents": ["Dragon's_Maze_Promos", "Dragon's_Maze_Tokens"]}, {"name": "Dragons_of_Tarkir", "filePath": "./setIcons/Dragons_of_Tarkir\\Dragons_of_Tarkir.png", "equivalents": ["Dragons_of_Tarkir_Promos", "Dragons_of_Tarkir_Tokens", "Tarkir_Dragonfury"]}, {"name": "Dragon_Con", "filePath": "./setIcons/Dragon_Con\\Dragon_Con.png", "equivalents": []}, {"name": "Duels_of_the_Planeswalkers", "filePath": "./setIcons/Duels_of_the_Planeswalkers\\Duels_of_the_Planeswalkers.png", "equivalents": []}, {"name": "Duels_of_the_Planeswalkers_Promos_2009", "filePath": "./setIcons/Duels_of_the_Planeswalkers_Promos_2009\\Duels_of_the_Planeswalkers_Promos_2009.png", "equivalents": []}, {"name": "Duels_of_the_Planeswalkers_Promos_2012", "filePath": "./setIcons/Duels_of_the_Planeswalkers_Promos_2012\\Duels_of_the_Planeswalkers_Promos_2012.png", "equivalents": ["Magic_2013", "Magic_2013_Promos", "Magic_2013_Tokens"]}, {"name": "Duels_of_the_Planeswalkers_Promos_2013", "filePath": "./setIcons/Duels_of_the_Planeswalkers_Promos_2013\\Duels_of_the_Planeswalkers_Promos_2013.png", "equivalents": ["Magic_2014", "Magic_2014_Promos", "Magic_2014_Tokens"]}, {"name": "Duels_of_the_Planeswalkers_Promos_2014", "filePath": "./setIcons/Duels_of_the_Planeswalkers_Promos_2014\\Duels_of_the_Planeswalkers_Promos_2014.png", "equivalents": ["M15_Prerelease_Challenge", "Magic_2015", "Magic_2015_Promos", "Magic_2015_Tokens"]}, {"name": "Duel_Decks_Anthology__Divine_vs._Demonic", "filePath": "./setIcons/Duel_Decks_Anthology__Divine_vs._Demonic\\Duel_Decks_Anthology__Divine_vs._Demonic.png", "equivalents": ["Duel_Decks_Anthology__Divine_vs._Demonic_Tokens", "Duel_Decks__Divine_vs._Demonic", "Duel_Decks__Divine_vs._Demonic_Tokens"]}, {"name": "Duel_Decks_Anthology__Elves_vs._Goblins", "filePath": "./setIcons/Duel_Decks_Anthology__Elves_vs._Goblins\\Duel_Decks_Anthology__Elves_vs._Goblins.png", "equivalents": ["Duel_Decks_Anthology__Elves_vs._Goblins_Tokens", "Duel_Decks__Elves_vs._Goblins"]}, {"name": "Duel_Decks_Anthology__Garruk_vs._Liliana", "filePath": "./setIcons/Duel_Decks_Anthology__Garruk_vs._Liliana\\Duel_Decks_Anthology__Garruk_vs._Liliana.png", "equivalents": ["Duel_Decks_Anthology__Garruk_vs._Liliana_Tokens", "Duel_Decks__Garruk_vs._Liliana", "Duel_Decks__Garruk_vs._Liliana_Tokens"]}, {"name": "Duel_Decks_Anthology__Jace_vs._Chandra", "filePath": "./setIcons/Duel_Decks_Anthology__Jace_vs._Chandra\\Duel_Decks_Anthology__Jace_vs._Chandra.png", "equivalents": ["Duel_Decks_Anthology__Jace_vs._Chandra_Tokens", "Duel_Decks__Jace_vs._Chandra", "Duel_Decks__Jace_vs._Chandra_Japanese_Promos", "Duel_Decks__Jace_vs._Chandra_Tokens"]}, {"name": "Duel_Decks__Ajani_vs._Nicol_Bolas", "filePath": "./setIcons/Duel_Decks__Ajani_vs._Nicol_Bolas\\Duel_Decks__Ajani_vs._Nicol_Bolas.png", "equivalents": ["Duel_Decks__Ajani_vs._Nicol_Bolas_Tokens"]}, {"name": "Duel_Decks__Blessed_vs._Cursed", "filePath": "./setIcons/Duel_Decks__Blessed_vs._Cursed\\Duel_Decks__Blessed_vs._Cursed.png", "equivalents": []}, {"name": "Duel_Decks__Elspeth_vs._Kiora", "filePath": "./setIcons/Duel_Decks__Elspeth_vs._Kiora\\Duel_Decks__Elspeth_vs._Kiora.png", "equivalents": []}, {"name": "Duel_Decks__Elspeth_vs._Tezzeret", "filePath": "./setIcons/Duel_Decks__Elspeth_vs._Tezzeret\\Duel_Decks__Elspeth_vs._Tezzeret.png", "equivalents": ["Duel_Decks__Elspeth_vs._Tezzeret_Tokens"]}, {"name": "Duel_Decks__Elves_vs._Inventors", "filePath": "./setIcons/Duel_Decks__Elves_vs._Inventors\\Duel_Decks__Elves_vs._Inventors.png", "equivalents": ["Duel_Decks__Elves_vs._Inventors_Tokens"]}, {"name": "Duel_Decks__Heroes_vs._Monsters", "filePath": "./setIcons/Duel_Decks__Heroes_vs._Monsters\\Duel_Decks__Heroes_vs._Monsters.png", "equivalents": ["Duel_Decks__Heroes_vs._Monsters_Tokens"]}, {"name": "Duel_Decks__Izzet_vs._Golgari", "filePath": "./setIcons/Duel_Decks__Izzet_vs._Golgari\\Duel_Decks__Izzet_vs._Golgari.png", "equivalents": ["Duel_Decks__Izzet_vs._Golgari_Tokens"]}, {"name": "Duel_Decks__Jace_vs._Vraska", "filePath": "./setIcons/Duel_Decks__Jace_vs._Vraska\\Duel_Decks__Jace_vs._Vraska.png", "equivalents": ["Duel_Decks__Jace_vs._Vraska_Tokens"]}, {"name": "Duel_Decks__Knights_vs._Dragons", "filePath": "./setIcons/Duel_Decks__Knights_vs._Dragons\\Duel_Decks__Knights_vs._Dragons.png", "equivalents": ["Duel_Decks__Knights_vs._Dragons_Tokens"]}, {"name": "Duel_Decks__Merfolk_vs._Goblins", "filePath": "./setIcons/Duel_Decks__Merfolk_vs._Goblins\\Duel_Decks__Merfolk_vs._Goblins.png", "equivalents": ["Duel_Decks__Merfolk_vs._Goblins_Tokens"]}, {"name": "Duel_Decks__Mind_vs._Might", "filePath": "./setIcons/Duel_Decks__Mind_vs._Might\\Duel_Decks__Mind_vs._Might.png", "equivalents": ["Duel_Decks__Mind_vs._Might_Tokens"]}, {"name": "Duel_Decks__Mirrodin_Pure_vs._New_Phyrexia", "filePath": "./setIcons/Duel_Decks__Mirrodin_Pure_vs._New_Phyrexia\\Duel_Decks__Mirrodin_Pure_vs._New_Phyrexia.png", "equivalents": []}, {"name": "Duel_Decks__Nissa_vs._Ob_Nixilis", "filePath": "./setIcons/Duel_Decks__Nissa_vs._Ob_Nixilis\\Duel_Decks__Nissa_vs._Ob_Nixilis.png", "equivalents": []}, {"name": "Duel_Decks__Phyrexia_vs._the_Coalition", "filePath": "./setIcons/Duel_Decks__Phyrexia_vs._the_Coalition\\Duel_Decks__Phyrexia_vs._the_Coalition.png", "equivalents": ["Duel_Decks__Phyrexia_vs._the_Coalition_Tokens"]}, {"name": "Duel_Decks__Sorin_vs._Tibalt", "filePath": "./setIcons/Duel_Decks__Sorin_vs._Tibalt\\Duel_Decks__Sorin_vs._Tibalt.png", "equivalents": ["Duel_Decks__Sorin_vs._Tibalt_Tokens"]}, {"name": "Duel_Decks__Speed_vs._Cunning", "filePath": "./setIcons/Duel_Decks__Speed_vs._Cunning\\Duel_Decks__Speed_vs._Cunning.png", "equivalents": []}, {"name": "Duel_Decks__Venser_vs._Koth", "filePath": "./setIcons/Duel_Decks__Venser_vs._Koth\\Duel_Decks__Venser_vs._Koth.png", "equivalents": ["Duel_Decks__Venser_vs._Koth_Tokens"]}, {"name": "Duel_Decks__Zendikar_vs._Eldrazi", "filePath": "./setIcons/Duel_Decks__Zendikar_vs._Eldrazi\\Duel_Decks__Zendikar_vs._Eldrazi.png", "equivalents": []}, {"name": "Eighth_Edition", "filePath": "./setIcons/Eighth_Edition\\Eighth_Edition.png", "equivalents": []}, {"name": "Eldritch_Moon", "filePath": "./setIcons/Eldritch_Moon\\Eldritch_Moon.png", "equivalents": ["Eldritch_Moon_Promos", "Eldritch_Moon_Tokens"]}, {"name": "Eternal_Masters", "filePath": "./setIcons/Eternal_Masters\\Eternal_Masters.png", "equivalents": ["Eternal_Masters_Tokens"]}, {"name": "Eventide", "filePath": "./setIcons/Eventide\\Eventide.png", "equivalents": ["Eventide_Tokens"]}, {"name": "Exodus", "filePath": "./setIcons/Exodus\\Exodus.png", "equivalents": []}, {"name": "Explorers_of_Ixalan", "filePath": "./setIcons/Explorers_of_Ixalan\\Explorers_of_Ixalan.png", "equivalents": []}, {"name": "Face_the_Hydra", "filePath": "./setIcons/Face_the_Hydra\\Face_the_Hydra.png", "equivalents": ["Theros", "Theros_Hero's_Path", "Theros_Promos", "Theros_Tokens"]}, {"name": "Fallen_Empires", "filePath": "./setIcons/Fallen_Empires\\Fallen_Empires.png", "equivalents": []}, {"name": "Fate_Reforged", "filePath": "./setIcons/Fate_Reforged\\Fate_Reforged.png", "equivalents": ["Fate_Reforged_Promos", "Fate_Reforged_Tokens", "Ugin's_Fate"]}, {"name": "Fifth_Dawn", "filePath": "./setIcons/Fifth_Dawn\\Fifth_Dawn.png", "equivalents": []}, {"name": "Fifth_Edition", "filePath": "./setIcons/Fifth_Edition\\Fifth_Edition.png", "equivalents": []}, {"name": "Foreign_Black_Border", "filePath": "./setIcons/Foreign_Black_Border\\Foreign_Black_Border.png", "equivalents": ["Revised_Edition", "Summer_Magic__Edgar"]}, {"name": "Fourth_Edition", "filePath": "./setIcons/Fourth_Edition\\Fourth_Edition.png", "equivalents": []}, {"name": "From_the_Vault__Angels", "filePath": "./setIcons/From_the_Vault__Angels\\From_the_Vault__Angels.png", "equivalents": []}, {"name": "From_the_Vault__Annihilation", "filePath": "./setIcons/From_the_Vault__Annihilation\\From_the_Vault__Annihilation.png", "equivalents": []}, {"name": "From_the_Vault__Dragons", "filePath": "./setIcons/From_the_Vault__Dragons\\From_the_Vault__Dragons.png", "equivalents": []}, {"name": "From_the_Vault__Exiled", "filePath": "./setIcons/From_the_Vault__Exiled\\From_the_Vault__Exiled.png", "equivalents": []}, {"name": "From_the_Vault__Legends", "filePath": "./setIcons/From_the_Vault__Legends\\From_the_Vault__Legends.png", "equivalents": []}, {"name": "From_the_Vault__Lore", "filePath": "./setIcons/From_the_Vault__Lore\\From_the_Vault__Lore.png", "equivalents": []}, {"name": "From_the_Vault__Realms", "filePath": "./setIcons/From_the_Vault__Realms\\From_the_Vault__Realms.png", "equivalents": []}, {"name": "From_the_Vault__Relics", "filePath": "./setIcons/From_the_Vault__Relics\\From_the_Vault__Relics.png", "equivalents": []}, {"name": "From_the_Vault__Transform", "filePath": "./setIcons/From_the_Vault__Transform\\From_the_Vault__Transform.png", "equivalents": []}, {"name": "From_the_Vault__Twenty", "filePath": "./setIcons/From_the_Vault__Twenty\\From_the_Vault__Twenty.png", "equivalents": []}, {"name": "Future_Sight", "filePath": "./setIcons/Future_Sight\\Future_Sight.png", "equivalents": []}, {"name": "Game_Night", "filePath": "./setIcons/Game_Night\\Game_Night.png", "equivalents": []}, {"name": "Gatecrash", "filePath": "./setIcons/Gatecrash\\Gatecrash.png", "equivalents": ["Gatecrash_Promos", "Gatecrash_Tokens"]}, {"name": "Global_Series_Jiang_Yanggu_&_Mu_Yanling", "filePath": "./setIcons/Global_Series_Jiang_Yanggu_&_Mu_Yanling\\Global_Series_Jiang_Yanggu_&_Mu_Yanling.png", "equivalents": []}, {"name": "GRN_Guild_Kit", "filePath": "./setIcons/GRN_Guild_Kit\\GRN_Guild_Kit.png", "equivalents": ["GRN_Guild_Kit_Tokens", "GRN_Ravnica_Weekend", "Guilds_of_Ravnica", "Guilds_of_Ravnica_Promos", "Guilds_of_Ravnica_Tokens"]}, {"name": "Guildpact", "filePath": "./setIcons/Guildpact\\Guildpact.png", "equivalents": []}, {"name": "Guru", "filePath": "./setIcons/Guru\\Guru.png", "equivalents": []}, {"name": "Hachette_UK", "filePath": "./setIcons/Hachette_UK\\Hachette_UK.png", "equivalents": ["Salvat_2005"]}, {"name": "HarperPrism_Book_Promos", "filePath": "./setIcons/HarperPrism_Book_Promos\\HarperPrism_Book_Promos.png", "equivalents": ["Miscellaneous_Book_Promos"]}, {"name": "HasCon_2017", "filePath": "./setIcons/HasCon_2017\\HasCon_2017.png", "equivalents": []}, {"name": "Homelands", "filePath": "./setIcons/Homelands\\Homelands.png", "equivalents": []}, {"name": "Hour_of_Devastation", "filePath": "./setIcons/Hour_of_Devastation\\Hour_of_Devastation.png", "equivalents": ["Hour_of_Devastation_Promos", "Hour_of_Devastation_Tokens"]}, {"name": "Ice_Age", "filePath": "./setIcons/Ice_Age\\Ice_Age.png", "equivalents": []}, {"name": "Iconic_Masters", "filePath": "./setIcons/Iconic_Masters\\Iconic_Masters.png", "equivalents": ["Iconic_Masters_Tokens"]}, {"name": "IDW_Comics_2012", "filePath": "./setIcons/IDW_Comics_2012\\IDW_Comics_2012.png", "equivalents": ["IDW_Comics_2013", "IDW_Comics_2014"]}, {"name": "Innistrad", "filePath": "./setIcons/Innistrad\\Innistrad.png", "equivalents": ["Innistrad_Promos", "Innistrad_Tokens"]}, {"name": "Invasion", "filePath": "./setIcons/Invasion\\Invasion.png", "equivalents": []}, {"name": "Ixalan", "filePath": "./setIcons/Ixalan\\Ixalan.png", "equivalents": ["Ixalan_Promos", "Ixalan_Tokens", "XLN_Treasure_Chest"]}, {"name": "Judgment", "filePath": "./setIcons/Judgment\\Judgment.png", "equivalents": []}, {"name": "Kaladesh", "filePath": "./setIcons/Kaladesh\\Kaladesh.png", "equivalents": ["Kaladesh_Promos", "Kaladesh_Tokens"]}, {"name": "Kaladesh_Inventions", "filePath": "./setIcons/Kaladesh_Inventions\\Kaladesh_Inventions.png", "equivalents": []}, {"name": "Khans_of_Tarkir", "filePath": "./setIcons/Khans_of_Tarkir\\Khans_of_Tarkir.png", "equivalents": ["Khans_of_Tarkir_Promos", "Khans_of_Tarkir_Tokens"]}, {"name": "Legendary_Cube", "filePath": "./setIcons/Legendary_Cube\\Legendary_Cube.png", "equivalents": []}, {"name": "Legends", "filePath": "./setIcons/Legends\\Legends.png", "equivalents": []}, {"name": "Legions", "filePath": "./setIcons/Legions\\Legions.png", "equivalents": []}, {"name": "Limited_Edition_Alpha", "filePath": "./setIcons/Limited_Edition_Alpha\\Limited_Edition_Alpha.png", "equivalents": []}, {"name": "Limited_Edition_Beta", "filePath": "./setIcons/Limited_Edition_Beta\\Limited_Edition_Beta.png", "equivalents": []}, {"name": "Lorwyn", "filePath": "./setIcons/Lorwyn\\Lorwyn.png", "equivalents": ["Lorwyn_Tokens"]}, {"name": "Magic_2010", "filePath": "./setIcons/Magic_2010\\Magic_2010.png", "equivalents": ["Magic_2010_Promos", "Magic_2010_Tokens"]}, {"name": "Magic_2011", "filePath": "./setIcons/Magic_2011\\Magic_2011.png", "equivalents": ["Magic_2011_Promos", "Magic_2011_Tokens"]}, {"name": "Magic_2012", "filePath": "./setIcons/Magic_2012\\Magic_2012.png", "equivalents": ["Magic_2012_Promos", "Magic_2012_Tokens"]}, {"name": "Magic_Online_Avatars", "filePath": "./setIcons/Magic_Online_Avatars\\Magic_Online_Avatars.png", "equivalents": ["Magic_Online_Promos"]}, {"name": "Magic_Online_Theme_Decks", "filePath": "./setIcons/Magic_Online_Theme_Decks\\Magic_Online_Theme_Decks.png", "equivalents": []}, {"name": "Magic_Origins", "filePath": "./setIcons/Magic_Origins\\Magic_Origins.png", "equivalents": ["Magic_Origins_Promos", "Magic_Origins_Tokens"]}, {"name": "Magic_Premiere_Shop_2005", "filePath": "./setIcons/Magic_Premiere_Shop_2005\\Magic_Premiere_Shop_2005.png", "equivalents": ["Ravnica__City_of_Guilds"]}, {"name": "Magic_Premiere_Shop_2007", "filePath": "./setIcons/Magic_Premiere_Shop_2007\\Magic_Premiere_Shop_2007.png", "equivalents": ["Magic_Premiere_Shop_2008", "Magic_Premiere_Shop_2009", "Magic_Premiere_Shop_2010", "Magic_Premiere_Shop_2011"]}, {"name": "Masters_25", "filePath": "./setIcons/Masters_25\\Masters_25.png", "equivalents": ["Masters_25_Tokens"]}, {"name": "Masters_Edition", "filePath": "./setIcons/Masters_Edition\\Masters_Edition.png", "equivalents": []}, {"name": "Masters_Edition_II", "filePath": "./setIcons/Masters_Edition_II\\Masters_Edition_II.png", "equivalents": []}, {"name": "Masters_Edition_III", "filePath": "./setIcons/Masters_Edition_III\\Masters_Edition_III.png", "equivalents": []}, {"name": "Masters_Edition_IV", "filePath": "./setIcons/Masters_Edition_IV\\Masters_Edition_IV.png", "equivalents": []}, {"name": "Mercadian_Masques", "filePath": "./setIcons/Mercadian_Masques\\Mercadian_Masques.png", "equivalents": []}, {"name": "Mirage", "filePath": "./setIcons/Mirage\\Mirage.png", "equivalents": []}, {"name": "Mirrodin", "filePath": "./setIcons/Mirrodin\\Mirrodin.png", "equivalents": []}, {"name": "Mirrodin_Besieged", "filePath": "./setIcons/Mirrodin_Besieged\\Mirrodin_Besieged.png", "equivalents": ["Mirrodin_Besieged_Promos", "Mirrodin_Besieged_Tokens"]}, {"name": "Modern_Event_Deck_2014", "filePath": "./setIcons/Modern_Event_Deck_2014\\Modern_Event_Deck_2014.png", "equivalents": ["Modern_Event_Deck_2014_Tokens"]}, {"name": "Modern_Masters", "filePath": "./setIcons/Modern_Masters\\Modern_Masters.png", "equivalents": ["Modern_Masters_Tokens"]}, {"name": "Modern_Masters_2015", "filePath": "./setIcons/Modern_Masters_2015\\Modern_Masters_2015.png", "equivalents": ["Modern_Masters_2015_Tokens"]}, {"name": "Modern_Masters_2017", "filePath": "./setIcons/Modern_Masters_2017\\Modern_Masters_2017.png", "equivalents": ["Modern_Masters_2017_Tokens"]}, {"name": "Morningtide", "filePath": "./setIcons/Morningtide\\Morningtide.png", "equivalents": ["Morningtide_Tokens"]}, {"name": "Mythic_Edition", "filePath": "./setIcons/Mythic_Edition\\Mythic_Edition.png", "equivalents": []}, {"name": "Mythic_Edition_Tokens", "filePath": "./setIcons/Mythic_Edition_Tokens\\Mythic_Edition_Tokens.png", "equivalents": []}, {"name": "Nemesis", "filePath": "./setIcons/Nemesis\\Nemesis.png", "equivalents": []}, {"name": "New_Phyrexia", "filePath": "./setIcons/New_Phyrexia\\New_Phyrexia.png", "equivalents": ["New_Phyrexia_Promos", "New_Phyrexia_Tokens"]}, {"name": "Ninth_Edition", "filePath": "./setIcons/Ninth_Edition\\Ninth_Edition.png", "equivalents": []}, {"name": "Oath_of_the_Gatewatch", "filePath": "./setIcons/Oath_of_the_Gatewatch\\Oath_of_the_Gatewatch.png", "equivalents": ["Oath_of_the_Gatewatch_Promos", "Oath_of_the_Gatewatch_Tokens"]}, {"name": "Odyssey", "filePath": "./setIcons/Odyssey\\Odyssey.png", "equivalents": []}, {"name": "Onslaught", "filePath": "./setIcons/Onslaught\\Onslaught.png", "equivalents": []}, {"name": "Planar_Chaos", "filePath": "./setIcons/Planar_Chaos\\Planar_Chaos.png", "equivalents": []}, {"name": "Planechase", "filePath": "./setIcons/Planechase\\Planechase.png", "equivalents": ["Planechase_Planes"]}, {"name": "Planechase_2012", "filePath": "./setIcons/Planechase_2012\\Planechase_2012.png", "equivalents": ["Planechase_2012_Planes"]}, {"name": "Planechase_Anthology", "filePath": "./setIcons/Planechase_Anthology\\Planechase_Anthology.png", "equivalents": ["Planechase_Anthology_Planes"]}, {"name": "Planeshift", "filePath": "./setIcons/Planeshift\\Planeshift.png", "equivalents": []}, {"name": "Portal", "filePath": "./setIcons/Portal\\Portal.png", "equivalents": ["Portal_Demo_Game"]}, {"name": "Portal_Second_Age", "filePath": "./setIcons/Portal_Second_Age\\Portal_Second_Age.png", "equivalents": []}, {"name": "Portal_Three_Kingdoms", "filePath": "./setIcons/Portal_Three_Kingdoms\\Portal_Three_Kingdoms.png", "equivalents": []}, {"name": "Premium_Deck_Series__Fire_and_Lightning", "filePath": "./setIcons/Premium_Deck_Series__Fire_and_Lightning\\Premium_Deck_Series__Fire_and_Lightning.png", "equivalents": []}, {"name": "Premium_Deck_Series__Graveborn", "filePath": "./setIcons/Premium_Deck_Series__Graveborn\\Premium_Deck_Series__Graveborn.png", "equivalents": []}, {"name": "Premium_Deck_Series__Slivers", "filePath": "./setIcons/Premium_Deck_Series__Slivers\\Premium_Deck_Series__Slivers.png", "equivalents": []}, {"name": "Prophecy", "filePath": "./setIcons/Prophecy\\Prophecy.png", "equivalents": []}, {"name": "Ravnica_Allegiance", "filePath": "./setIcons/Ravnica_Allegiance\\Ravnica_Allegiance.png", "equivalents": []}, {"name": "Ravnica_Allegiance_Promos", "filePath": "./setIcons/Ravnica_Allegiance_Promos\\Ravnica_Allegiance_Promos.png", "equivalents": []}, {"name": "Ravnica_Allegiance_Tokens", "filePath": "./setIcons/Ravnica_Allegiance_Tokens\\Ravnica_Allegiance_Tokens.png", "equivalents": []}, {"name": "Renaissance", "filePath": "./setIcons/Renaissance\\Renaissance.png", "equivalents": []}, {"name": "Return_to_Ravnica", "filePath": "./setIcons/Return_to_Ravnica\\Return_to_Ravnica.png", "equivalents": ["Return_to_Ravnica_Promos", "Return_to_Ravnica_Tokens"]}, {"name": "Rinascimento", "filePath": "./setIcons/Rinascimento\\Rinascimento.png", "equivalents": []}, {"name": "Rise_of_the_Eldrazi", "filePath": "./setIcons/Rise_of_the_Eldrazi\\Rise_of_the_Eldrazi.png", "equivalents": ["Rise_of_the_Eldrazi_Promos", "Rise_of_the_Eldrazi_Tokens"]}, {"name": "Rivals_of_Ixalan", "filePath": "./setIcons/Rivals_of_Ixalan\\Rivals_of_Ixalan.png", "equivalents": ["Rivals_of_Ixalan_Promos", "Rivals_of_Ixalan_Tokens"]}, {"name": "RNA_Ravnica_Weekend", "filePath": "./setIcons/RNA_Ravnica_Weekend\\RNA_Ravnica_Weekend.png", "equivalents": []}, {"name": "Salvat_2011", "filePath": "./setIcons/Salvat_2011\\Salvat_2011.png", "equivalents": []}, {"name": "Saviors_of_Kamigawa", "filePath": "./setIcons/Saviors_of_Kamigawa\\Saviors_of_Kamigawa.png", "equivalents": []}, {"name": "Scars_of_Mirrodin", "filePath": "./setIcons/Scars_of_Mirrodin\\Scars_of_Mirrodin.png", "equivalents": ["Scars_of_Mirrodin_Promos", "Scars_of_Mirrodin_Tokens"]}, {"name": "Scourge", "filePath": "./setIcons/Scourge\\Scourge.png", "equivalents": []}, {"name": "Seventh_Edition", "filePath": "./setIcons/Seventh_Edition\\Seventh_Edition.png", "equivalents": []}, {"name": "Shadowmoor", "filePath": "./setIcons/Shadowmoor\\Shadowmoor.png", "equivalents": ["Shadowmoor_Tokens"]}, {"name": "Shadows_over_Innistrad", "filePath": "./setIcons/Shadows_over_Innistrad\\Shadows_over_Innistrad.png", "equivalents": ["Shadows_over_Innistrad_Promos", "Shadows_over_Innistrad_Tokens"]}, {"name": "Shards_of_Alara", "filePath": "./setIcons/Shards_of_Alara\\Shards_of_Alara.png", "equivalents": ["Shards_of_Alara_Tokens"]}, {"name": "Signature_Spellbook__Jace", "filePath": "./setIcons/Signature_Spellbook__Jace\\Signature_Spellbook__Jace.png", "equivalents": []}, {"name": "Starter_1999", "filePath": "./setIcons/Starter_1999\\Starter_1999.png", "equivalents": []}, {"name": "Starter_2000", "filePath": "./setIcons/Starter_2000\\Starter_2000.png", "equivalents": []}, {"name": "Stronghold", "filePath": "./setIcons/Stronghold\\Stronghold.png", "equivalents": []}, {"name": "Summer_of_Magic", "filePath": "./setIcons/Summer_of_Magic\\Summer_of_Magic.png", "equivalents": []}, {"name": "Tempest", "filePath": "./setIcons/Tempest\\Tempest.png", "equivalents": []}, {"name": "Tempest_Remastered", "filePath": "./setIcons/Tempest_Remastered\\Tempest_Remastered.png", "equivalents": []}, {"name": "Tenth_Edition", "filePath": "./setIcons/Tenth_Edition\\Tenth_Edition.png", "equivalents": ["Tenth_Edition_Promos", "Tenth_Edition_Tokens"]}, {"name": "The_Dark", "filePath": "./setIcons/The_Dark\\The_Dark.png", "equivalents": []}, {"name": "Time_Spiral", "filePath": "./setIcons/Time_Spiral\\Time_Spiral.png", "equivalents": ["Time_Spiral_Timeshifted"]}, {"name": "Torment", "filePath": "./setIcons/Torment\\Torment.png", "equivalents": []}, {"name": "Ultimate_Box_Topper", "filePath": "./setIcons/Ultimate_Box_Topper\\Ultimate_Box_Topper.png", "equivalents": ["Ultimate_Masters", "Ultimate_Masters_Tokens"]}, {"name": "Unglued", "filePath": "./setIcons/Unglued\\Unglued.png", "equivalents": []}, {"name": "Unhinged", "filePath": "./setIcons/Unhinged\\Unhinged.png", "equivalents": []}, {"name": "Unlimited_Edition", "filePath": "./setIcons/Unlimited_Edition\\Unlimited_Edition.png", "equivalents": []}, {"name": "Unstable", "filePath": "./setIcons/Unstable\\Unstable.png", "equivalents": ["Unstable_Promos", "Unstable_Tokens"]}, {"name": "Urza's_Destiny", "filePath": "./setIcons/Urza's_Destiny\\Urza's_Destiny.png", "equivalents": []}, {"name": "Urza's_Legacy", "filePath": "./setIcons/Urza's_Legacy\\Urza's_Legacy.png", "equivalents": []}, {"name": "Vintage_Masters", "filePath": "./setIcons/Vintage_Masters\\Vintage_Masters.png", "equivalents": []}, {"name": "Visions", "filePath": "./setIcons/Visions\\Visions.png", "equivalents": []}, {"name": "Weatherlight", "filePath": "./setIcons/Weatherlight\\Weatherlight.png", "equivalents": []}, {"name": "Welcome_Deck_2016", "filePath": "./setIcons/Welcome_Deck_2016\\Welcome_Deck_2016.png", "equivalents": []}, {"name": "Welcome_Deck_2017", "filePath": "./setIcons/Welcome_Deck_2017\\Welcome_Deck_2017.png", "equivalents": []}, {"name": "Worldwake", "filePath": "./setIcons/Worldwake\\Worldwake.png", "equivalents": ["Worldwake_Promos", "Worldwake_Tokens"]}, {"name": "You_Make_the_Cube", "filePath": "./setIcons/You_Make_the_Cube\\You_Make_the_Cube.png", "equivalents": []}, {"name": "Zendikar", "filePath": "./setIcons/Zendikar\\Zendikar.png", "equivalents": ["Zendikar_Promos", "Zendikar_Tokens"]}, {"name": "Zendikar_Expeditions", "filePath": "./setIcons/Zendikar_Expeditions\\Zendikar_Expeditions.png", "equivalents": []}
  ]
}